first,last,display_name
Johnny,Garcia,Johnny Garcia
Jason,Esteves,Jason Esteves
Marlene,Galán-Woods,Marlene Galán-Woods
Mary,Peltola,Mary Peltola
Luke,Bronin,Luke Bronin
Nancy,Lacore,Nancy Lacore
Shannon,Bird,Shannon Bird
Sam,Forstag,Sam Forstag
Denise,Powell,Denise Powell
Bobby,Pulido,Bobby Pulido
Josh,Turek,Josh Turek
James,Talarico,James Talarico
Mallory,McMorrow,Mallory McMorrow
Matt,Maasdam,Matt Maasdam
Mike,Cortese,Mike Cortese
Darren,McAuley,Darren McAuley
Sarah,Trone Garriott,Sarah Trone Garriott
Cait,Conley,Cait Conley
Bob,Brooks,Bob Brooks
Jamie,Ager,Jamie Ager
